Organisation,Country
Aberystwyth University,Wales
Anglia Ruskin University,England
Balliol College University of Oxford,England
Bangor University,Wales
Bath Spa University,England
Birmingham City University,England
Bishop Grosseteste University,England
Blackfriars Hall University of Oxford,England
Bournemouth University,England
Brasenose College University of Oxford,England
Brunel University,England
Buckinghamshire New University,England
Canterbury Christ Church University,England
Cardiff Metropolitan University,Wales
Cardiff University,Wales
Christ Church University of Oxford,England
Coleg Meirion-Dwyfor (FE College),Wales
Corpus Christi College University of Oxford,England
Coventry University,England
Cranfield University,England
De Montfort University,England
Edge Hill University,England
Exeter College University of Oxford,England
Falmouth Exeter Plus,England
Glyndwr University Wrexham,Wales
Goldsmiths University of London,England
Graduate Accommodation Office University of Oxford,England
Green Templeton College University of Oxford,England
Guildhall School of Music and Drama,England
Harper Adams University,England
Harris Manchester College University of Oxford,England
Hartpury University,England
Hertford College University of Oxford,England
Imperial College London,England
Jesus College University of Oxford,England
Keble College University of Oxford,England
Keele University,England
Kellogg College University of Oxford,England
King's College London,England
Kingston University,England
Lady Margaret Hall University of Oxford,England
Lancaster University,England
Leeds Trinity University,England
Linacre College University of Oxford,England
Lincoln College University of Oxford,England
Liverpool Hope University,England
London School of Economics (University of London),England
London South Bank University,England
Loughborough University,England
Magdalen College University of Oxford,England
Manchester Metropolitan University,England
Mansfield College University of Oxford,England
Merton College University of Oxford,England
Middlesex University,England
New College University of Oxford,England
Newcastle University,England
Newman University,England
Norwich University of the Arts,England
Nuffield College University of Oxford,England
Oriel College University of Oxford,England
Oxford Brookes University,England
Pembroke College University of Oxford,England
Queen Mary (University of London),England
Queen's University Belfast,Northern Ireland
Regents Park College University of Oxford,England
Reuben College University of Oxford,England
Roehampton University,England
Royal Agricultural University,England
Royal Holloway University of London,England
Sheffield Hallam University,England
Solent University,England
Somerville College University of Oxford,England
St Anne's College University of Oxford,England
St Antony's College University of Oxford,England
St Catherine's College University of Oxford,England
St Chad's College University of Durham,England
St Cross College University of Oxford,England
St Edmund Hall University of Oxford,England
St George's University of London,England
St Hilda's College University of Oxford,England
St Hugh's College University of Oxford,England
St John's College Durham (Independent),England
St John's College University of Oxford,England
St Mary's University Twickenham,England
St Peter's College University of Oxford,England
St Stephen's House University of Oxford,England
Staffordshire University,England
Swansea University,Wales
Teesside University,England
The Queen's College University of Oxford,England
Trinity College University of Oxford,England
Ulster University,Northern Ireland
University College Birmingham,England
University College London,England
University College Plymouth St Mark and St John,England
University College University of Oxford,England
University for the Creative Arts,England
University of Bath,England
University of Birmingham,England
University of Brighton,England
University of Bristol,England
University of Buckingham,England
University of Central Lancashire,England
University of Chester,England
University of Cumbria,England
University of Derby,England
University of Durham,England
University of East Anglia,England
University of East London,England
University of Essex,England
University of Exeter,England
University of Gloucester,England
University of Hull,England
University of Kent,England
University of Leicester,England
University Of Lincoln,England
University of Liverpool,England
University of London,England
University of Manchester,England
University of Northampton,England
University of Nottingham,England
University of Plymouth,England
University of Portsmouth,England
University of Reading,England
University of Sheffield,England
University of South Wales,Wales
University of Southampton,England
University of Sunderland,England
University of Surrey,England
University of Sussex,England
University of the West of England Bristol,England
University of Wales Trinity Saint David,Wales
University of Warwick,England
University of Westminster,England
University of Winchester,England
University of Wolverhampton,England
University of Worcester,England
University of York,England
Wadham College University of Oxford,England
Wolfson College University of Oxford,England
Worcester College University of Oxford,England
Writtle College,England
Wycliffe Hall University of Oxford,England
York St John University,England